{"last_tab":"","logo":{"url":"https:\/\/stylothemes.com\/demo\/urdupress\/wp-content\/themes\/upress\/images\/logo.png","id":"","height":"","width":"","thumbnail":""},"website-container":"full-width","preloader":"0","preloader-msg":"\u0627\u0646\u062a\u0638\u0627\u0631 \u06a9\u06cc\u062c\u0626\u06d2! \u0648\u06cc\u0628 \u0633\u0627\u0626\u0679 \u062a\u06cc\u0627\u0631 \u06a9\u06cc \u062c\u0627 \u0631\u06c1\u06cc \u06c1\u06d2","totop":"1","body-background":{"background-color":"#f0f0f0","background-repeat":"","background-size":"","background-attachment":"","background-position":"","background-image":"https:\/\/stylothemes.com\/demo\/urdupress\/wp-content\/themes\/upress\/images\/bg.png","media":{"id":"","height":"","width":"","thumbnail":""}},"header-layout":"3","header-content-align":"1","stickynav":"1","nav-bg-color":"#333333","nav-links-color":"#FFFFFF","subnav-links-color":"#FFFFFF","nav-links-hover-color":"#FFFFFF","nav-colors":"#E94547","nav-style":"1","ticker-color":"light","news-ticker-cat":"2","news-ticker-limit":"5","ticker-label":" \u0627\u06c1\u0645 \u062e\u0628\u0631\u06cc\u06ba","footer-copyright-display":"1","footer-about-display":"1","footer-widget-count":"3","footer-widgets-bg":"#333333","footer-copyrights-bg":"#222222","footer-text-color":"#DDDDDD","footer-links-color":"#FFFFFF","footer-copyright":"Copyright \u00a9 2015-2020, UrduPress all rights reserved. Theme Designed by <a href=\"http:\/\/www.stylothemes.com\">StyloThemes<\/a>","footer-logo":{"url":"https:\/\/stylothemes.com\/demo\/urdupress\/wp-content\/themes\/upress\/images\/logo-footer.png","id":"","height":"","width":"","thumbnail":""},"footer-about-text":"\u0627\u0631\u062f\u0648 \u067e\u0631\u06cc\u0633 \u0648\u0631\u0688\u067e\u0631\u06cc\u0633 \u062a\u06be\u06cc\u0645\u0632 \u06a9\u06cc \u062f\u0646\u06cc\u0627 \u0645\u06cc\u06ba \u067e\u06c1\u0644\u0627 \u0645\u06a9\u0645\u0644 \u0627\u0631\u062f\u0648 \u062a\u06be\u06cc\u0645 \u06c1\u06d2\u060c \u062c\u0633 \u0645\u06cc\u06ba \u0627\u06cc\u06a9 \u0627\u0631\u062f\u0648 \u0648\u06cc\u0628 \u0633\u0627\u0626\u0679 \u0628\u0646\u0627\u0646\u06d2 \u06a9\u06d2 \u0644\u06cc\u06d2 \u062f\u0631\u06a9\u0627\u0631 \u062a\u0645\u0627\u0645 \u0633\u06c1\u0648\u0644\u062a\u06cc\u06ba \u0645\u0648\u062c\u0648\u062f \u06c1\u06cc\u06ba.","slider-animation":"random","slider-hover":"1","slider-speed":"5000","show-author":"1","show-views":"1","show-comment-count":"1","show-posted-date":"1","show-post-featured":"1","show-post-sidebar":"1","show-zoom":"1","show-related-posts":"1","related-posts-limit":"6","font-h1":{"font-family":"nafeesnastaleeq","font-options":"","font-weight":"400","font-style":"","text-align":"","font-size":"38px","line-height":"70px","color":"#222"},"font-h2":{"font-family":"AlQalam Telenor","font-options":"","font-weight":"400","font-style":"","text-align":"","font-size":"32px","line-height":"50px","color":"#222"},"font-h3":{"font-family":"AlQalam Telenor","font-options":"","font-weight":"400","font-style":"","text-align":"","font-size":"30px","line-height":"60px","color":"#222"},"font-h4":{"font-family":"nafeesnastaleeq","font-options":"","font-weight":"400","font-style":"","text-align":"","font-size":"26px","line-height":"48px","color":"#222"},"font-h5":{"font-family":"nafeesnastaleeq","font-options":"","font-weight":"400","font-style":"","text-align":"","font-size":"18px","line-height":"36px","color":"#222"},"font-h6":{"font-family":"nafeesnastaleeq","font-options":"","font-weight":"400","font-style":"","text-align":"","font-size":"18px","line-height":"36px","color":"#222"},"font-sidebar-widgets-head":{"font-family":"nafeesnastaleeq","font-options":"","font-weight":"400","font-style":"","text-align":"","font-size":"22px","line-height":"50px","color":"#333333"},"font-sidebar-widgets":{"font-family":"nafeesnastaleeq","font-options":"","font-weight":"400","font-style":"","text-align":"","font-size":"16px","line-height":"32px","color":"#333333"},"font-footer-widgets":{"font-family":"nafeesnastaleeq","font-options":"","font-weight":"","font-style":"400","text-align":"","font-size":"16px","line-height":"32px","color":"#f0f0f0"},"font-p":{"font-family":"nafeesnastaleeq","font-options":"","font-weight":"","font-style":"400","text-align":"","font-size":"22px","line-height":"44px","color":"#555"},"font-nav":{"font-family":"Lateef","font-options":"","font-weight":"400","font-style":"","text-align":"","font-size":"30px","line-height":"30px","color":"#f0f0f0"},"font-ticker-label":{"font-family":"AlQalam Telenor","font-options":"","font-weight":"","font-style":"400","text-align":"","font-size":"22px","line-height":"24px","color":"#FFF"},"font-ticker-body":{"font-family":"nafeesnastaleeq","font-options":"","font-weight":"","font-style":"400","text-align":"","font-size":"18px","line-height":"36px","color":"#FFF"},"fb-url":"http:\/\/www.facebook.com","twitter-url":"http:\/\/www.twitter.com","pinterest-url":"http:\/\/www.pinterest.com","linkedin-url":"http:\/\/www.linkedin.com","reddit-url":"http:\/\/www.reddit.com","instagram-url":"http:\/\/www.instagram.com","youtube-url":"http:\/\/www.youtube.com","social-sidebar":"1","social-postion":"2","social-rounded":"0","social-fixed-mobile":"1","social-hover":"1","redux-backup":1}