{"sidebar-1":{"custom_html-2":{"title":"\u0627\u0634\u062a\u06c1\u0627\u0631","content":"<a href=\"https:\/\/stylothemes.com\/shop\/product\/urdupress-premium-urdu-theme-for-wordpress\/\" target=\"_blank\" rel=\"noopener\">\r\n<img src=\"https:\/\/stylothemes.com\/ads\/300.jpg\" \/>\r\n<\/a>"},"text-2":{"title":"\u06c1\u0645\u0627\u0631\u0627 \u0641\u06cc\u0633 \u0628\u06a9 \u067e\u06cc\u062c","text":"<iframe style=\"border: none; overflow: hidden;\" src=\"https:\/\/www.facebook.com\/plugins\/page.php?href=https%3A%2F%2Fwww.facebook.com%2Fstylothemes%2F&amp;tabs&amp;width=340&amp;height=214&amp;small_header=false&amp;adapt_container_width=true&amp;hide_cover=false&amp;show_facepile=true&amp;appId=200644663620211\" width=\"340\" height=\"214\" frameborder=\"0\" scrolling=\"no\"><\/iframe>","filter":"content","rw_opt":{"widget_select":false}},"upress_featured_posts_widget-1":{"title":"\u062e\u0635\u0648\u0635\u06cc \u0641\u06cc\u0686\u0631\u0632","limit":"5","widget_select":"no","rw_opt":{"widget_select":false}}},"home-sidebar":{"custom_html-3":{"title":"\u0627\u0634\u062a\u06c1\u0627\u0631","content":"<a href=\"https:\/\/stylothemes.com\/shop\/product\/urdupress-premium-urdu-theme-for-wordpress\/\" target=\"_blank\" rel=\"noopener\">\r\n<img src=\"https:\/\/stylothemes.com\/ads\/300.jpg\" \/>\r\n<\/a>"},"upress_posts_widget-1":{"title":"\u062e\u0635\u0648\u0635\u06cc \u0648\u06cc\u0688\u06cc\u0648\u0632","category":"amazing","limit":"5","thumbsize":"1"},"text-4":{"title":"\u06c1\u0645\u0627\u0631\u06cc \u0679\u0648\u06cc\u0679\u0631 \u0641\u06cc\u0688","text":"<a class=\"twitter-timeline\" href=\"https:\/\/twitter.com\/StyloThemes\" data-widget-id=\"734705257729675265\">Tweets by @StyloThemes<\/a>\r\n<script>!function(d,s,id){var js,fjs=d.getElementsByTagName(s)[0],p=\/^http:\/.test(d.location)?'http':'https';if(!d.getElementById(id)){js=d.createElement(s);js.id=id;js.src=p+\":\/\/platform.twitter.com\/widgets.js\";fjs.parentNode.insertBefore(js,fjs);}}(document,\"script\",\"twitter-wjs\");<\/script>","filter":false,"rw_opt":{"widget_select":false,"cpt_page":true,"cpt_post":true}},"upress_posts_widget-2":{"title":"\u062e\u0635\u0648\u0635\u06cc \u0641\u06cc\u0686\u0631\u0632","category":"hot-news","limit":"8","thumbsize":"0","widget_select":"no","widget_multiselect":["cpt_page"],"rw_opt":{"cpt_page":true,"widget_select":false}},"text-6":{"title":"\u06c1\u0645\u0627\u0631\u06cc \u0627\u06cc \u0645\u06cc\u0644 \u0644\u0633\u0679 \u0645\u06cc\u06ba \u0634\u0627\u0645\u0644 \u06c1\u0648\u06ba","text":"[contact-form-7 id=\"225\" title=\"subscribe\"]","filter":false,"rw_opt":{"widget_select":false,"cpt_post":true,"cpt_page":true}}},"sidebar-mini":{"upress_posts_widget-3":{"title":"\u062d\u06cc\u0631\u062a \u0627\u0646\u06af\u06cc\u0632","category":"amazing","limit":"10","thumbsize":"1","widget_select":"no","rw_opt":{"widget_select":false}},"upress_featured_posts_widget-2":{"title":"\u0632\u06cc\u0627\u062f\u06c1 \u067e\u0691\u06be\u06cc \u06af\u0626\u06cc","limit":"12","widget_select":"no","rw_opt":{"widget_select":false}}},"sidebar-mini-single":{"upress_featured_posts_widget-3":{"title":"\u0627\u06c1\u0645 \u062e\u0628\u0631\u06cc\u06ba","limit":"5"}},"footer-1":{"nav_menu-1":{"title":"\u0627\u06c1\u0645 \u0635\u0641\u062d\u0627\u062a \u0627\u0648\u0631 \u0644\u0646\u06a9\u0633","nav_menu":"20"}},"footer-2":{"nav_menu-2":{"title":"\u06c1\u0645\u0627\u0631\u0627 \u0646\u06cc\u0679 \u0648\u0631\u06a9","nav_menu":"21"}},"footer-3":{"tag_cloud-1":{"title":"\u0627\u06c1\u0645 \u06a9\u06cc\u0679\u0627 \u06af\u0631\u06cc\u0632","taxonomy":"category"}},"header-ad":{"text-7":{"title":"","text":"<a href=\"https:\/\/stylothemes.com\/shop\/product\/urdupress-premium-urdu-theme-for-wordpress\/\" target=\"_blank\" rel=\"noopener\">\r\n<img src=\"https:\/\/stylothemes.com\/ads\/728.jpg\" \/>\r\n<\/a>","filter":true,"rw_opt":{"widget_select":false},"visual":true}}}